CIGAR,1689,2/2/2026
WEIGH,1690,2/3/2026
CHIDE,1691,2/4/2026
SWOOP,1692,2/5/2026
GAVEL,1693,2/6/2026
BLEAT,1694,2/7/2026
EMBED,1695,2/8/2026
CELLO,1696,2/9/2026
SCENE,1697,2/10/2026
VEGAN,1698,2/11/2026
SURGE,1699,2/12/2026
MOOCH,1700,2/13/2026
BLOOM,1701,2/14/2026
SKULL,1702,2/15/2026
ROOST,1703,2/16/2026
SQUAD,1704,2/17/2026
MOGUL,1705,2/18/2026
HOIST,1706,2/19/2026
STANK,1707,2/20/2026
AWAKE,1708,2/21/2026
GUAVA,1709,2/22/2026
ATTIC,1710,2/23/2026
BUYER,1711,2/24/2026
SHRED,1712,2/25/2026
LANCE,1713,2/26/2026
DIZZY,1714,2/27/2026
HYDRA,1715,2/28/2026
FLUKE,1716,3/1/2026
SLIME,1717,3/2/2026
LINEN,1718,3/3/2026
THEFT,1719,3/4/2026
SHEEP,1720,3/5/2026
GUNKY,1721,3/6/2026
VOGUE,1722,3/7/2026
LOBBY,1723,3/8/2026
HASTY,1724,3/9/2026
SHOAL,1725,3/10/2026
TEDDY,1726,3/11/2026
SMELL,1727,3/12/2026
EATEN,1728,3/13/2026
ANKLE,1729,3/14/2026
GRADE,1730,3/15/2026
DRAMA,1731,3/16/2026
CLASP,1732,3/17/2026
REHAB,1734,3/19/2026
OASIS,1735,3/20/2026
SLICK,1736,3/21/2026
BASIL,1737,3/22/2026
SERIF,1738,3/23/2026
BROOD,1739,3/24/2026
WISER,1740,3/25/2026
BEFIT,1741,3/26/2026
IVORY,1742,3/27/2026
AFOOT,1743,3/28/2026
CHUMP,1744,3/29/2026
COMET,1745,3/30/2026
SWAMP,1746,3/31/2026
FIZZY,1747,4/1/2026
SOBER,1748,4/2/2026
SINGE,1749,4/3/2026
SANDY,1750,4/4/2026
SWORN,1752,4/6/2026
DENSE,1753,4/7/2026
INLET,1754,4/8/2026
LADEN,1755,4/9/2026
CAROM,1756,4/10/2026
PRUDE,1757,4/11/2026
ALLEY,1758,4/12/2026
ELFIN,1759,4/13/2026
CYCLE,1760,4/14/2026
BEGUN,1761,4/15/2026
CUBIT,1762,4/16/2026
BELLE,1763,4/17/2026
TOADY,1764,4/18/2026
STAND,1765,4/19/2026
